"","chr","pos","ALV_ID_1","ALV_ID_2","X1","HOUSE_ID","ENROLLID1","ENROLLID2","onset1","onset2","transmission","valid","double","pair_id","same_onset_day","quality_distance","L1_norm","iSNV_in_donor","iSNV_in_recipient","collect1","collect2","mutation","ref","var","season","pcr_result","freq1","freq2","found"
"1","HA",1102,"MH4289","MH4364",5,3115,330459,330460,2013-03-17,2013-03-22,2013-03-21,TRUE,NA,6,FALSE,TRUE,0.1143259708368,2,2,2013-03-19,2013-03-25,"HA_G1102A","G","A","2012-2013","B/YAM",0.0243860998479,0,FALSE
"2","HA",1102,"MH4289","MH4364",5,3115,330459,330460,2013-03-17,2013-03-22,2013-03-21,TRUE,NA,6,FALSE,TRUE,0.1143259708368,2,2,2013-03-19,2013-03-25,"HA_G1102G","G","G","2012-2013","B/YAM",0.974987529395,1,TRUE
"4","NP",1511,"HS2680","HS2681",15,5264,51123,51122,2016-05-15,2016-05-15,2016-05-14,TRUE,TRUE,17.5,TRUE,TRUE,0.687271743541,0,2,2016-05-15,2016-05-15,"NP_G1511A","G","A","2015-2016","B/VIC",0.343568240227,0,FALSE
"5","NP",1511,"HS2680","HS2681",15,5264,51123,51122,2016-05-15,2016-05-15,2016-05-14,TRUE,TRUE,17.5,TRUE,TRUE,0.687271743541,0,2,2016-05-15,2016-05-15,"NP_G1511G","G","G","2015-2016","B/VIC",0.656296496686,1,TRUE
"12","NS",103,"MH10403","HS1788",8,5001,50003,50004,2015-03-04,2015-03-05,2015-03-04,TRUE,NA,10,FALSE,TRUE,8.6709564727576,2,6,2015-03-06,2015-03-06,"NS_C103A","C","A","2014-2015","B/VIC",0.937442218798,0,FALSE
"13","NS",103,"MH10403","HS1788",8,5001,50003,50004,2015-03-04,2015-03-05,2015-03-04,TRUE,NA,10,FALSE,TRUE,8.6709564727576,2,6,2015-03-06,2015-03-06,"NS_C103C","C","C","2014-2015","B/VIC",0.0625577812018,1,TRUE
"18","PA",1535,"MH2246","MH2247",7,3293,331470,331472,2012-11-10,2012-11-11,2012-11-10,TRUE,NA,9,FALSE,TRUE,2.3526381539935,6,0,2012-11-13,2012-11-13,"PA_G1535A","G","A","2012-2013","B/YAM",0.0285001285624,0,FALSE
"19","PA",1535,"MH2246","MH2247",7,3293,331470,331472,2012-11-10,2012-11-11,2012-11-10,TRUE,NA,9,FALSE,TRUE,2.3526381539935,6,0,2012-11-13,2012-11-13,"PA_G1535G","G","G","2012-2013","B/YAM",0.970895286302,1,TRUE
"22","PA",1912,"MH3065","MH3066",4,3111,331060,331061,2013-01-18,2013-01-19,2013-01-18,TRUE,NA,5,FALSE,TRUE,0.102568981272,2,0,2013-01-21,2013-01-21,"PA_A1912A","A","A","2012-2013","B/YAM",0.948619262965,1,TRUE
"23","PA",1912,"MH3065","MH3066",4,3111,331060,331061,2013-01-18,2013-01-19,2013-01-18,TRUE,NA,5,FALSE,TRUE,0.102568981272,2,0,2013-01-21,2013-01-21,"PA_A1912G","A","G","2012-2013","B/YAM",0.051188244237,0,FALSE
"27","PB1",223,"MH10076","HS1747",14,5258,51092,51093,2015-02-14,2015-02-21,2015-02-20,TRUE,NA,16,FALSE,TRUE,4.4057730380077,2,2,2015-02-18,2015-02-24,"PB1_G223A","G","A","2014-2015","B/YAM",0.883989145183,1,TRUE
"28","PB1",223,"MH10076","HS1747",14,5258,51092,51093,2015-02-14,2015-02-21,2015-02-20,TRUE,NA,16,FALSE,TRUE,4.4057730380077,2,2,2015-02-18,2015-02-24,"PB1_G223G","G","G","2014-2015","B/YAM",0.116010854817,0,FALSE
"31","PB2",1936,"MH2216","MH2246",6,3293,331471,331470,2012-11-04,2012-11-10,2012-11-09,TRUE,NA,7,FALSE,TRUE,0.4002060358735,2,6,2012-11-07,2012-11-13,"PB2_G1936A","G","A","2012-2013","B/YAM",0.023710758063,0,FALSE
"32","PB2",1936,"MH2216","MH2246",6,3293,331471,331470,2012-11-04,2012-11-10,2012-11-09,TRUE,NA,7,FALSE,TRUE,0.4002060358735,2,6,2012-11-07,2012-11-13,"PB2_G1936G","G","G","2012-2013","B/YAM",0.976142876183,1,TRUE
"34","PB2",2253,"MH2246","MH2247",7,3293,331470,331472,2012-11-10,2012-11-11,2012-11-10,TRUE,NA,9,FALSE,TRUE,2.3526381539935,6,0,2012-11-13,2012-11-13,"PB2_A2253A","A","A","2012-2013","B/YAM",0.875167485485,1,TRUE
"35","PB2",2253,"MH2246","MH2247",7,3293,331470,331472,2012-11-10,2012-11-11,2012-11-10,TRUE,NA,9,FALSE,TRUE,2.3526381539935,6,0,2012-11-13,2012-11-13,"PB2_A2253G","A","G","2012-2013","B/YAM",0.124318903832,0,FALSE
"38","PB2",769,"MH2246","MH2247",7,3293,331470,331472,2012-11-10,2012-11-11,2012-11-10,TRUE,NA,9,FALSE,TRUE,2.3526381539935,6,0,2012-11-13,2012-11-13,"PB2_C769C","C","C","2012-2013","B/YAM",0.976901179341,1,TRUE
"39","PB2",769,"MH2246","MH2247",7,3293,331470,331472,2012-11-10,2012-11-11,2012-11-10,TRUE,NA,9,FALSE,TRUE,2.3526381539935,6,0,2012-11-13,2012-11-13,"PB2_C769T","C","T","2012-2013","B/YAM",0.0227830727271,0,FALSE
