"","X1","HOUSE_ID","ENROLLID1","ENROLLID2","onset1","onset2","transmission","valid","double","pair_id","same_onset_day","quality_distance","L1_norm","iSNV_in_donor","iSNV_in_recipient","mutation","chr","pos","ref","var","season","pcr_result","freq1","freq2","ALV_ID_1","ALV_ID_2"
"1",1,1223,300971,300972,2011-02-08,2011-02-15,2011-02-14,TRUE,NA,1,FALSE,TRUE,2,0,0,"NR_T1246C","NR",1246,"T","C","2010-2011","B/VIC",0,1,"M53952","M54067"
"2",1,1223,300971,300972,2011-02-08,2011-02-15,2011-02-14,TRUE,NA,1,FALSE,TRUE,2,0,0,"NR_T1246T","NR",1246,"T","T","2010-2011","B/VIC",1,0,"M53952","M54067"
"3",2,3002,331002,331001,2012-12-31,2013-01-01,2012-12-31,TRUE,NA,3,FALSE,TRUE,3.2245747674953,0,4,"NR_T276C","NR",276,"T","C","2012-2013","B/VIC",1,0.913705583756,"MH2672","MH2671"
"4",2,3002,331002,331001,2012-12-31,2013-01-01,2012-12-31,TRUE,NA,3,FALSE,TRUE,3.2245747674953,0,4,"NR_T276T","NR",276,"T","T","2012-2013","B/VIC",0,0.0861306697233,"MH2672","MH2671"
"5",2,3002,331002,331001,2012-12-31,2013-01-01,2012-12-31,TRUE,NA,3,FALSE,TRUE,3.2245747674953,0,4,"PA_T1643C","PA",1643,"T","C","2012-2013","B/VIC",0,1,"MH2672","MH2671"
"6",2,3002,331002,331001,2012-12-31,2013-01-01,2012-12-31,TRUE,NA,3,FALSE,TRUE,3.2245747674953,0,4,"PA_T1643T","PA",1643,"T","T","2012-2013","B/VIC",1,0,"MH2672","MH2671"
"7",2,3002,331002,331001,2012-12-31,2013-01-01,2012-12-31,TRUE,NA,3,FALSE,TRUE,3.2245747674953,0,4,"PA_G2047A","PA",2047,"G","A","2012-2013","B/VIC",0,0.525676751592,"MH2672","MH2671"
"8",2,3002,331002,331001,2012-12-31,2013-01-01,2012-12-31,TRUE,NA,3,FALSE,TRUE,3.2245747674953,0,4,"PA_G2047G","PA",2047,"G","G","2012-2013","B/VIC",1,0.473527070064,"MH2672","MH2671"
"9",4,3111,331060,331061,2013-01-18,2013-01-19,2013-01-18,TRUE,NA,5,FALSE,TRUE,0.102568981272,2,0,"PA_A1912A","PA",1912,"A","A","2012-2013","B/YAM",0.948619262965,1,"MH3065","MH3066"
"10",4,3111,331060,331061,2013-01-18,2013-01-19,2013-01-18,TRUE,NA,5,FALSE,TRUE,0.102568981272,2,0,"PA_A1912G","PA",1912,"A","G","2012-2013","B/YAM",0.051188244237,0,"MH3065","MH3066"
"11",5,3115,330459,330460,2013-03-17,2013-03-22,2013-03-21,TRUE,NA,6,FALSE,TRUE,0.1143259708368,2,2,"HA_G1102A","HA",1102,"G","A","2012-2013","B/YAM",0.0243860998479,0,"MH4289","MH4364"
"12",5,3115,330459,330460,2013-03-17,2013-03-22,2013-03-21,TRUE,NA,6,FALSE,TRUE,0.1143259708368,2,2,"HA_G1102G","HA",1102,"G","G","2012-2013","B/YAM",0.974987529395,1,"MH4289","MH4364"
"13",5,3115,330459,330460,2013-03-17,2013-03-22,2013-03-21,TRUE,NA,6,FALSE,TRUE,0.1143259708368,2,2,"PB2_G520A","PB2",520,"G","A","2012-2013","B/YAM",0,0.0322212506179,"MH4289","MH4364"
"14",5,3115,330459,330460,2013-03-17,2013-03-22,2013-03-21,TRUE,NA,6,FALSE,TRUE,0.1143259708368,2,2,"PB2_G520G","PB2",520,"G","G","2012-2013","B/YAM",1,0.967293850234,"MH4289","MH4364"
"15",6,3293,331471,331470,2012-11-04,2012-11-10,2012-11-09,TRUE,NA,7,FALSE,TRUE,0.4002060358735,2,6,"PA_G1535A","PA",1535,"G","A","2012-2013","B/YAM",0,0.0285001285624,"MH2216","MH2246"
"16",6,3293,331471,331470,2012-11-04,2012-11-10,2012-11-09,TRUE,NA,7,FALSE,TRUE,0.4002060358735,2,6,"PA_G1535G","PA",1535,"G","G","2012-2013","B/YAM",1,0.970895286302,"MH2216","MH2246"
"17",6,3293,331471,331470,2012-11-04,2012-11-10,2012-11-09,TRUE,NA,7,FALSE,TRUE,0.4002060358735,2,6,"PB2_C769C","PB2",769,"C","C","2012-2013","B/YAM",1,0.976901179341,"MH2216","MH2246"
"18",6,3293,331471,331470,2012-11-04,2012-11-10,2012-11-09,TRUE,NA,7,FALSE,TRUE,0.4002060358735,2,6,"PB2_C769T","PB2",769,"C","T","2012-2013","B/YAM",0,0.0227830727271,"MH2216","MH2246"
"19",6,3293,331471,331470,2012-11-04,2012-11-10,2012-11-09,TRUE,NA,7,FALSE,TRUE,0.4002060358735,2,6,"PB2_G1936A","PB2",1936,"G","A","2012-2013","B/YAM",0.023710758063,0,"MH2216","MH2246"
"20",6,3293,331471,331470,2012-11-04,2012-11-10,2012-11-09,TRUE,NA,7,FALSE,TRUE,0.4002060358735,2,6,"PB2_G1936G","PB2",1936,"G","G","2012-2013","B/YAM",0.976142876183,1,"MH2216","MH2246"
"21",6,3293,331471,331470,2012-11-04,2012-11-10,2012-11-09,TRUE,NA,7,FALSE,TRUE,0.4002060358735,2,6,"PB2_A2253A","PB2",2253,"A","A","2012-2013","B/YAM",1,0.875167485485,"MH2216","MH2246"
"22",6,3293,331471,331470,2012-11-04,2012-11-10,2012-11-09,TRUE,NA,7,FALSE,TRUE,0.4002060358735,2,6,"PB2_A2253G","PB2",2253,"A","G","2012-2013","B/YAM",0,0.124318903832,"MH2216","MH2246"
"23",7,3293,331470,331472,2012-11-10,2012-11-11,2012-11-10,TRUE,NA,9,FALSE,TRUE,2.3526381539935,6,0,"PA_G1535A","PA",1535,"G","A","2012-2013","B/YAM",0.0285001285624,0,"MH2246","MH2247"
"24",7,3293,331470,331472,2012-11-10,2012-11-11,2012-11-10,TRUE,NA,9,FALSE,TRUE,2.3526381539935,6,0,"PA_G1535G","PA",1535,"G","G","2012-2013","B/YAM",0.970895286302,1,"MH2246","MH2247"
"25",7,3293,331470,331472,2012-11-10,2012-11-11,2012-11-10,TRUE,NA,9,FALSE,TRUE,2.3526381539935,6,0,"PB1_A2237G","PB1",2237,"A","G","2012-2013","B/YAM",0,1,"MH2246","MH2247"
"26",7,3293,331470,331472,2012-11-10,2012-11-11,2012-11-10,TRUE,NA,9,FALSE,TRUE,2.3526381539935,6,0,"PB1_A2237A","PB1",2237,"A","A","2012-2013","B/YAM",1,0,"MH2246","MH2247"
"27",7,3293,331470,331472,2012-11-10,2012-11-11,2012-11-10,TRUE,NA,9,FALSE,TRUE,2.3526381539935,6,0,"PB2_C769C","PB2",769,"C","C","2012-2013","B/YAM",0.976901179341,1,"MH2246","MH2247"
"28",7,3293,331470,331472,2012-11-10,2012-11-11,2012-11-10,TRUE,NA,9,FALSE,TRUE,2.3526381539935,6,0,"PB2_C769T","PB2",769,"C","T","2012-2013","B/YAM",0.0227830727271,0,"MH2246","MH2247"
"29",7,3293,331470,331472,2012-11-10,2012-11-11,2012-11-10,TRUE,NA,9,FALSE,TRUE,2.3526381539935,6,0,"PB2_A2253A","PB2",2253,"A","A","2012-2013","B/YAM",0.875167485485,1,"MH2246","MH2247"
"30",7,3293,331470,331472,2012-11-10,2012-11-11,2012-11-10,TRUE,NA,9,FALSE,TRUE,2.3526381539935,6,0,"PB2_A2253G","PB2",2253,"A","G","2012-2013","B/YAM",0.124318903832,0,"MH2246","MH2247"
"31",8,5001,50003,50004,2015-03-04,2015-03-05,2015-03-04,TRUE,NA,10,FALSE,TRUE,8.6709564727576,2,6,"NP_A577A","NP",577,"A","A","2014-2015","B/VIC",1,0.946021622462,"MH10403","HS1788"
"32",8,5001,50003,50004,2015-03-04,2015-03-05,2015-03-04,TRUE,NA,10,FALSE,TRUE,8.6709564727576,2,6,"NP_A577G","NP",577,"A","G","2014-2015","B/VIC",0,0.0537329543021,"MH10403","HS1788"
"33",8,5001,50003,50004,2015-03-04,2015-03-05,2015-03-04,TRUE,NA,10,FALSE,TRUE,8.6709564727576,2,6,"NR_T276C","NR",276,"T","C","2014-2015","B/VIC",0,1,"MH10403","HS1788"
"34",8,5001,50003,50004,2015-03-04,2015-03-05,2015-03-04,TRUE,NA,10,FALSE,TRUE,8.6709564727576,2,6,"NR_T276T","NR",276,"T","T","2014-2015","B/VIC",1,0,"MH10403","HS1788"
"35",8,5001,50003,50004,2015-03-04,2015-03-05,2015-03-04,TRUE,NA,10,FALSE,TRUE,8.6709564727576,2,6,"NR_G1457A","NR",1457,"G","A","2014-2015","B/VIC",0,0.954587296717,"MH10403","HS1788"
"36",8,5001,50003,50004,2015-03-04,2015-03-05,2015-03-04,TRUE,NA,10,FALSE,TRUE,8.6709564727576,2,6,"NR_G1457G","NR",1457,"G","G","2014-2015","B/VIC",1,0.0447990181037,"MH10403","HS1788"
"37",8,5001,50003,50004,2015-03-04,2015-03-05,2015-03-04,TRUE,NA,10,FALSE,TRUE,8.6709564727576,2,6,"NS_C103A","NS",103,"C","A","2014-2015","B/VIC",0.937442218798,0,"MH10403","HS1788"
"38",8,5001,50003,50004,2015-03-04,2015-03-05,2015-03-04,TRUE,NA,10,FALSE,TRUE,8.6709564727576,2,6,"NS_C103C","NS",103,"C","C","2014-2015","B/VIC",0.0625577812018,1,"MH10403","HS1788"
"39",8,5001,50003,50004,2015-03-04,2015-03-05,2015-03-04,TRUE,NA,10,FALSE,TRUE,8.6709564727576,2,6,"PA_G1617A","PA",1617,"G","A","2014-2015","B/VIC",0,0.389166246007,"MH10403","HS1788"
"40",8,5001,50003,50004,2015-03-04,2015-03-05,2015-03-04,TRUE,NA,10,FALSE,TRUE,8.6709564727576,2,6,"PA_G1617G","PA",1617,"G","G","2014-2015","B/VIC",1,0.610593821299,"MH10403","HS1788"
"41",8,5001,50003,50004,2015-03-04,2015-03-05,2015-03-04,TRUE,NA,10,FALSE,TRUE,8.6709564727576,2,6,"PB2_C1301A","PB2",1301,"C","A","2014-2015","B/VIC",1,0,"MH10403","HS1788"
"42",8,5001,50003,50004,2015-03-04,2015-03-05,2015-03-04,TRUE,NA,10,FALSE,TRUE,8.6709564727576,2,6,"PB2_C1301C","PB2",1301,"C","C","2014-2015","B/VIC",0,1,"MH10403","HS1788"
"43",11,5119,50504,50369,2015-03-13,2015-03-16,2015-03-15,TRUE,NA,13,FALSE,TRUE,2,0,0,"M1_G683A","M1",683,"G","A","2014-2015","B/YAM",0,1,"MH10454","MH10453"
"44",11,5119,50504,50369,2015-03-13,2015-03-16,2015-03-15,TRUE,NA,13,FALSE,TRUE,2,0,0,"M1_G683G","M1",683,"G","G","2014-2015","B/YAM",1,0,"MH10454","MH10453"
"45",12,5182,50774,50772,2015-04-04,2015-04-05,2015-04-04,TRUE,NA,14,FALSE,TRUE,2,0,0,"PA_G1515A","PA",1515,"G","A","2014-2015","B/YAM",0,1,"HS1911","HS1910"
"46",12,5182,50774,50772,2015-04-04,2015-04-05,2015-04-04,TRUE,NA,14,FALSE,TRUE,2,0,0,"PA_G1515G","PA",1515,"G","G","2014-2015","B/YAM",1,0,"HS1911","HS1910"
"47",14,5258,51092,51093,2015-02-14,2015-02-21,2015-02-20,TRUE,NA,16,FALSE,TRUE,4.4057730380077,2,2,"PA_G423A","PA",423,"G","A","2014-2015","B/YAM",0,1,"MH10076","HS1747"
"48",14,5258,51092,51093,2015-02-14,2015-02-21,2015-02-20,TRUE,NA,16,FALSE,TRUE,4.4057730380077,2,2,"PA_G423G","PA",423,"G","G","2014-2015","B/YAM",1,0,"MH10076","HS1747"
"49",14,5258,51092,51093,2015-02-14,2015-02-21,2015-02-20,TRUE,NA,16,FALSE,TRUE,4.4057730380077,2,2,"PA_T1343C","PA",1343,"T","C","2014-2015","B/YAM",0,1,"MH10076","HS1747"
"50",14,5258,51092,51093,2015-02-14,2015-02-21,2015-02-20,TRUE,NA,16,FALSE,TRUE,4.4057730380077,2,2,"PA_T1343T","PA",1343,"T","T","2014-2015","B/YAM",1,0,"MH10076","HS1747"
"51",14,5258,51092,51093,2015-02-14,2015-02-21,2015-02-20,TRUE,NA,16,FALSE,TRUE,4.4057730380077,2,2,"PA_A1433A","PA",1433,"A","A","2014-2015","B/YAM",0,0.0867871059157,"MH10076","HS1747"
"52",14,5258,51092,51093,2015-02-14,2015-02-21,2015-02-20,TRUE,NA,16,FALSE,TRUE,4.4057730380077,2,2,"PA_A1433G","PA",1433,"A","G","2014-2015","B/YAM",1,0.913035777542,"MH10076","HS1747"
"53",14,5258,51092,51093,2015-02-14,2015-02-21,2015-02-20,TRUE,NA,16,FALSE,TRUE,4.4057730380077,2,2,"PB1_G223A","PB1",223,"G","A","2014-2015","B/YAM",0.883989145183,1,"MH10076","HS1747"
"54",14,5258,51092,51093,2015-02-14,2015-02-21,2015-02-20,TRUE,NA,16,FALSE,TRUE,4.4057730380077,2,2,"PB1_G223G","PB1",223,"G","G","2014-2015","B/YAM",0.116010854817,0,"MH10076","HS1747"
"55",15,5264,51122,51123,2016-05-15,2016-05-15,2016-05-14,TRUE,TRUE,17,TRUE,TRUE,0.687271743541,0,2,"NP_G1511A","NP",1511,"G","A","2015-2016","B/VIC",0,0.343568240227,"HS2681","HS2680"
"56",15,5264,51122,51123,2016-05-15,2016-05-15,2016-05-14,TRUE,TRUE,17,TRUE,TRUE,0.687271743541,0,2,"NP_G1511G","NP",1511,"G","G","2015-2016","B/VIC",1,0.656296496686,"HS2681","HS2680"
"57",16,5293,51234,51239,2017-04-06,2017-04-07,2017-04-06,TRUE,NA,18,FALSE,TRUE,2,0,0,"PA_A650G","PA",650,"A","G","2016-2017","B/YAM",0,1,"MH16411","MH16412"
"58",16,5293,51234,51239,2017-04-06,2017-04-07,2017-04-06,TRUE,NA,18,FALSE,TRUE,2,0,0,"PA_A650A","PA",650,"A","A","2016-2017","B/YAM",1,0,"MH16411","MH16412"
"59",15,5264,51123,51122,2016-05-15,2016-05-15,2016-05-14,TRUE,TRUE,17.5,TRUE,TRUE,0.687271743541,0,2,"NP_G1511A","NP",1511,"G","A","2015-2016","B/VIC",0,0.343568240227,"HS2681","HS2680"
"60",15,5264,51123,51122,2016-05-15,2016-05-15,2016-05-14,TRUE,TRUE,17.5,TRUE,TRUE,0.687271743541,0,2,"NP_G1511G","NP",1511,"G","G","2015-2016","B/VIC",1,0.656296496686,"HS2681","HS2680"
